{
  "price_sum": 1703131840,
  "price_min": 100181,
  "price_max": 999191,
  "price_avg": 548866.2068965518,
  "price_stdev": 258950.34109445006
}