{"sum": 594967.0, "avr": 546.3425160697888, "sumMD": 16084.0, "avrMD": 487.3939393939394, "sumSD": 18067.0, "avrSD": 547.4848484848485, "max": 998.0, "min": 101.0}