{
  "sum": 2575.2000000000003,
  "min": 0.1,
  "max": 5.0,
  "average": 2.577777777777778,
  "deviation": 1.4080515885231673
}