{
  "sum": 12400132,
  "min": 2002,
  "max": 7997,
  "average": 4994.012082158679,
  "deviation": 1708.971689365676
}