{
  "sum": 416,
  "min": 9,
  "max": 17,
  "avg": 12.235294117647058,
  "stdev": 2.708670964831632
}